"filename", "language", "JavaScript", "Markdown", "CSS", "ASP.NET Razor", "C#", "JSON", "XML", "Properties", "Docker", "HTML", "Vue", "comment", "blank", "total"
"d:\Project2\MyMvcBackend\Client\.env", "Properties", 0, 0, 0, 0, 0, 0, 0, -1, 0, 0, 0, 0, 0, -1
"d:\Project2\MyMvcBackend\Client\Dockerfile", "Docker", 0, 0, 0, 0, 0, 0, 0, 0, -10, 0, 0, -2, -1, -13
"d:\Project2\MyMvcBackend\Client\README.md", "Markdown", 0, -3, 0, 0, 0, 0, 0, 0, 0, 0, 0, 0, -3, -6
"d:\Project2\MyMvcBackend\Client\index.html", "HTML", 0, 0, 0, 0, 0, 0, 0, 0, 0, -14, 0, 0, -1, -15
"d:\Project2\MyMvcBackend\Client\package-lock.json", "JSON", 0, 0, 0, 0, 0, -2008, 0, 0, 0, 0, 0, 0, -1, -2009
"d:\Project2\MyMvcBackend\Client\package.json", "JSON", 0, 0, 0, 0, 0, -27, 0, 0, 0, 0, 0, 0, -1, -28
"d:\Project2\MyMvcBackend\Client\public\vite.svg", "XML", 0, 0, 0, 0, 0, 0, -1, 0, 0, 0, 0, 0, 0, -1
"d:\Project2\MyMvcBackend\Client\src\app\App.vue", "Vue", 0, 0, 0, 0, 0, 0, 0, 0, 0, 0, -11, 0, -2, -13
"d:\Project2\MyMvcBackend\Client\src\app\Home.vue", "Vue", 0, 0, 0, 0, 0, 0, 0, 0, 0, 0, -32, 0, -5, -37
"d:\Project2\MyMvcBackend\Client\src\app\Listening.vue", "Vue", 0, 0, 0, 0, 0, 0, 0, 0, 0, 0, -84, -3, -9, -96
"d:\Project2\MyMvcBackend\Client\src\app\Login.vue", "Vue", 0, 0, 0, 0, 0, 0, 0, 0, 0, 0, -144, 0, -5, -149
"d:\Project2\MyMvcBackend\Client\src\app\Progress.vue", "Vue", 0, 0, 0, 0, 0, 0, 0, 0, 0, 0, -105, 0, -3, -108
"d:\Project2\MyMvcBackend\Client\src\app\Reading.vue", "Vue", 0, 0, 0, 0, 0, 0, 0, 0, 0, 0, -84, -3, -9, -96
"d:\Project2\MyMvcBackend\Client\src\app\Register.vue", "Vue", 0, 0, 0, 0, 0, 0, 0, 0, 0, 0, -171, -1, -6, -178
"d:\Project2\MyMvcBackend\Client\src\app\RenderTest.vue", "Vue", 0, 0, 0, 0, 0, 0, 0, 0, 0, 0, -1582, -30, -118, -1730
"d:\Project2\MyMvcBackend\Client\src\app\Speaking.vue", "Vue", 0, 0, 0, 0, 0, 0, 0, 0, 0, 0, -85, -3, -9, -97
"d:\Project2\MyMvcBackend\Client\src\app\TestDetail.vue", "Vue", 0, 0, 0, 0, 0, 0, 0, 0, 0, 0, -341, -2, -10, -353
"d:\Project2\MyMvcBackend\Client\src\app\TestResult.vue", "Vue", 0, 0, 0, 0, 0, 0, 0, 0, 0, 0, -225, -2, -5, -232
"d:\Project2\MyMvcBackend\Client\src\app\Writing.vue", "Vue", 0, 0, 0, 0, 0, 0, 0, 0, 0, 0, -85, -3, -9, -97
"d:\Project2\MyMvcBackend\Client\src\assets\vue.svg", "XML", 0, 0, 0, 0, 0, 0, -1, 0, 0, 0, 0, 0, 0, -1
"d:\Project2\MyMvcBackend\Client\src\components\Footer.vue", "Vue", 0, 0, 0, 0, 0, 0, 0, 0, 0, 0, -51, 0, -1, -52
"d:\Project2\MyMvcBackend\Client\src\components\Navbar.vue", "Vue", 0, 0, 0, 0, 0, 0, 0, 0, 0, 0, -145, -2, -11, -158
"d:\Project2\MyMvcBackend\Client\src\components\TestCard.vue", "Vue", 0, 0, 0, 0, 0, 0, 0, 0, 0, 0, -38, -3, -5, -46
"d:\Project2\MyMvcBackend\Client\src\main.js", "JavaScript", -16, 0, 0, 0, 0, 0, 0, 0, 0, 0, 0, -1, -5, -22
"d:\Project2\MyMvcBackend\Client\src\router\index.js", "JavaScript", -45, 0, 0, 0, 0, 0, 0, 0, 0, 0, 0, 0, -4, -49
"d:\Project2\MyMvcBackend\Client\src\style.css", "CSS", 0, 0, -1, 0, 0, 0, 0, 0, 0, 0, 0, 0, -1, -2
"d:\Project2\MyMvcBackend\Client\vite.config.js", "JavaScript", -15, 0, 0, 0, 0, 0, 0, 0, 0, 0, 0, 0, -2, -17
"d:\Project2\MyMvcBackend\Server\Controllers\AnswerController.cs", "C#", 0, 0, 0, 0, 27, 0, 0, 0, 0, 0, 0, 1, 6, 34
"d:\Project2\MyMvcBackend\Server\Controllers\AuthController.cs", "C#", 0, 0, 0, 0, 74, 0, 0, 0, 0, 0, 0, 1, 8, 83
"d:\Project2\MyMvcBackend\Server\Controllers\CorrectAnswerController.cs", "C#", 0, 0, 0, 0, 50, 0, 0, 0, 0, 0, 0, 2, 7, 59
"d:\Project2\MyMvcBackend\Server\Controllers\HomeController.cs", "C#", 0, 0, 0, 0, 25, 0, 0, 0, 0, 0, 0, 0, 7, 32
"d:\Project2\MyMvcBackend\Server\Controllers\ListeningController.cs", "C#", 0, 0, 0, 0, 33, 0, 0, 0, 0, 0, 0, 2, 6, 41
"d:\Project2\MyMvcBackend\Server\Controllers\PartController.cs", "C#", 0, 0, 0, 0, 27, 0, 0, 0, 0, 0, 0, 1, 6, 34
"d:\Project2\MyMvcBackend\Server\Controllers\QuestionController.cs", "C#", 0, 0, 0, 0, 27, 0, 0, 0, 0, 0, 0, 1, 6, 34
"d:\Project2\MyMvcBackend\Server\Controllers\ReadingController.cs", "C#", 0, 0, 0, 0, 25, 0, 0, 0, 0, 0, 0, 1, 5, 31
"d:\Project2\MyMvcBackend\Server\Controllers\RecordingController.cs", "C#", 0, 0, 0, 0, 47, 0, 0, 0, 0, 0, 0, 2, 10, 59
"d:\Project2\MyMvcBackend\Server\Controllers\ResultController.cs", "C#", 0, 0, 0, 0, 46, 0, 0, 0, 0, 0, 0, 3, 8, 57
"d:\Project2\MyMvcBackend\Server\Controllers\SpeakingController.cs", "C#", 0, 0, 0, 0, 140, 0, 0, 0, 0, 0, 0, 17, 29, 186
"d:\Project2\MyMvcBackend\Server\Controllers\SubmitTestController.cs", "C#", 0, 0, 0, 0, 66, 0, 0, 0, 0, 0, 0, 6, 16, 88
"d:\Project2\MyMvcBackend\Server\Controllers\WritingController.cs", "C#", 0, 0, 0, 0, 104, 0, 0, 0, 0, 0, 0, 16, 21, 141
"d:\Project2\MyMvcBackend\Server\Data\AppDbContext.cs", "C#", 0, 0, 0, 0, 56, 0, 0, 0, 0, 0, 0, 7, 10, 73
"d:\Project2\MyMvcBackend\Server\Dockerfile", "Docker", 0, 0, 0, 0, 0, 0, 0, 0, 15, 0, 0, 6, 7, 28
"d:\Project2\MyMvcBackend\Server\Migrations\20250325144451_InitialCreate.Designer.cs", "C#", 0, 0, 0, 0, 42, 0, 0, 0, 0, 0, 0, 2, 11, 55
"d:\Project2\MyMvcBackend\Server\Migrations\20250325144451_InitialCreate.cs", "C#", 0, 0, 0, 0, 30, 0, 0, 0, 0, 0, 0, 3, 4, 37
"d:\Project2\MyMvcBackend\Server\Migrations\20250331091129_AddListeningTestRelationship.Designer.cs", "C#", 0, 0, 0, 0, 94, 0, 0, 0, 0, 0, 0, 2, 31, 127
"d:\Project2\MyMvcBackend\Server\Migrations\20250331091129_AddListeningTestRelationship.cs", "C#", 0, 0, 0, 0, 59, 0, 0, 0, 0, 0, 0, 3, 7, 69
"d:\Project2\MyMvcBackend\Server\Migrations\20250402082029_Listening.Designer.cs", "C#", 0, 0, 0, 0, 176, 0, 0, 0, 0, 0, 0, 2, 62, 240
"d:\Project2\MyMvcBackend\Server\Migrations\20250402082029_Listening.cs", "C#", 0, 0, 0, 0, 180, 0, 0, 0, 0, 0, 0, 3, 29, 212
"d:\Project2\MyMvcBackend\Server\Migrations\20250404150142_ListeningTest.Designer.cs", "C#", 0, 0, 0, 0, 180, 0, 0, 0, 0, 0, 0, 2, 64, 246
"d:\Project2\MyMvcBackend\Server\Migrations\20250404150142_ListeningTest.cs", "C#", 0, 0, 0, 0, 32, 0, 0, 0, 0, 0, 0, 3, 6, 41
"d:\Project2\MyMvcBackend\Server\Migrations\20250407030334_numques.Designer.cs", "C#", 0, 0, 0, 0, 180, 0, 0, 0, 0, 0, 0, 2, 64, 246
"d:\Project2\MyMvcBackend\Server\Migrations\20250407030334_numques.cs", "C#", 0, 0, 0, 0, 31, 0, 0, 0, 0, 0, 0, 3, 6, 40
"d:\Project2\MyMvcBackend\Server\Migrations\20250407031033_imgurl.Designer.cs", "C#", 0, 0, 0, 0, 182, 0, 0, 0, 0, 0, 0, 2, 65, 249
"d:\Project2\MyMvcBackend\Server\Migrations\20250407031033_imgurl.cs", "C#", 0, 0, 0, 0, 22, 0, 0, 0, 0, 0, 0, 3, 4, 29
"d:\Project2\MyMvcBackend\Server\Migrations\20250409081047_listques.Designer.cs", "C#", 0, 0, 0, 0, 182, 0, 0, 0, 0, 0, 0, 2, 65, 249
"d:\Project2\MyMvcBackend\Server\Migrations\20250409081047_listques.cs", "C#", 0, 0, 0, 0, 31, 0, 0, 0, 0, 0, 0, 3, 6, 40
"d:\Project2\MyMvcBackend\Server\Migrations\20250410023724_M0.Designer.cs", "C#", 0, 0, 0, 0, 231, 0, 0, 0, 0, 0, 0, 2, 85, 318
"d:\Project2\MyMvcBackend\Server\Migrations\20250410023724_M0.cs", "C#", 0, 0, 0, 0, 63, 0, 0, 0, 0, 0, 0, 3, 8, 74
"d:\Project2\MyMvcBackend\Server\Migrations\20250410032235_FixRelationship.Designer.cs", "C#", 0, 0, 0, 0, 231, 0, 0, 0, 0, 0, 0, 2, 85, 318
"d:\Project2\MyMvcBackend\Server\Migrations\20250410032235_FixRelationship.cs", "C#", 0, 0, 0, 0, 14, 0, 0, 0, 0, 0, 0, 3, 6, 23
"d:\Project2\MyMvcBackend\Server\Migrations\20250412044517_UserAnswer.Designer.cs", "C#", 0, 0, 0, 0, 264, 0, 0, 0, 0, 0, 0, 2, 97, 363
"d:\Project2\MyMvcBackend\Server\Migrations\20250412044517_UserAnswer.cs", "C#", 0, 0, 0, 0, 41, 0, 0, 0, 0, 0, 0, 3, 5, 49
"d:\Project2\MyMvcBackend\Server\Migrations\20250419070439_Passage.Designer.cs", "C#", 0, 0, 0, 0, 266, 0, 0, 0, 0, 0, 0, 2, 98, 366
"d:\Project2\MyMvcBackend\Server\Migrations\20250419070439_Passage.cs", "C#", 0, 0, 0, 0, 22, 0, 0, 0, 0, 0, 0, 3, 4, 29
"d:\Project2\MyMvcBackend\Server\Migrations\20250421140120_numablenull.Designer.cs", "C#", 0, 0, 0, 0, 266, 0, 0, 0, 0, 0, 0, 2, 98, 366
"d:\Project2\MyMvcBackend\Server\Migrations\20250421140120_numablenull.cs", "C#", 0, 0, 0, 0, 30, 0, 0, 0, 0, 0, 0, 3, 4, 37
"d:\Project2\MyMvcBackend\Server\Migrations\AppDbContextModelSnapshot.cs", "C#", 0, 0, 0, 0, 264, 0, 0, 0, 0, 0, 0, 1, 98, 363
"d:\Project2\MyMvcBackend\Server\Models\ErrorViewModel.cs", "C#", 0, 0, 0, 0, 6, 0, 0, 0, 0, 0, 0, 0, 3, 9
"d:\Project2\MyMvcBackend\Server\Models\ListeningModels\ListeningAnswer.cs", "C#", 0, 0, 0, 0, 11, 0, 0, 0, 0, 0, 0, 1, 2, 14
"d:\Project2\MyMvcBackend\Server\Models\ListeningModels\ListeningPart.cs", "C#", 0, 0, 0, 0, 15, 0, 0, 0, 0, 0, 0, 1, 3, 19
"d:\Project2\MyMvcBackend\Server\Models\ListeningModels\ListeningQuestion.cs", "C#", 0, 0, 0, 0, 11, 0, 0, 0, 0, 0, 0, 1, 4, 16
"d:\Project2\MyMvcBackend\Server\Models\ListeningModels\ListeningRecording.cs", "C#", 0, 0, 0, 0, 14, 0, 0, 0, 0, 0, 0, 2, 3, 19
"d:\Project2\MyMvcBackend\Server\Models\ListeningModels\ListeningTest.cs", "C#", 0, 0, 0, 0, 13, 0, 0, 0, 0, 0, 0, 1, 3, 17
"d:\Project2\MyMvcBackend\Server\Models\ServiceModels\LoginModel.cs", "C#", 0, 0, 0, 0, 9, 0, 0, 0, 0, 0, 0, 0, 1, 10
"d:\Project2\MyMvcBackend\Server\Models\User.cs", "C#", 0, 0, 0, 0, 11, 0, 0, 0, 0, 0, 0, 0, 2, 13
"d:\Project2\MyMvcBackend\Server\Models\UserAnswers.cs", "C#", 0, 0, 0, 0, 12, 0, 0, 0, 0, 0, 0, 0, 3, 15
"d:\Project2\MyMvcBackend\Server\Models\UserTestResults.cs", "C#", 0, 0, 0, 0, 17, 0, 0, 0, 0, 0, 0, 1, 3, 21
"d:\Project2\MyMvcBackend\Server\MyMvcBackend.csproj", "XML", 0, 0, 0, 0, 0, 0, 19, 0, 0, 0, 0, 0, 4, 23
"d:\Project2\MyMvcBackend\Server\Program.cs", "C#", 0, 0, 0, 0, 59, 0, 0, 0, 0, 0, 0, 3, 10, 72
"d:\Project2\MyMvcBackend\Server\Properties\launchSettings.json", "JSON", 0, 0, 0, 0, 0, 23, 0, 0, 0, 0, 0, 0, 1, 24
"d:\Project2\MyMvcBackend\Server\Views\Home\Index.cshtml", "ASP.NET Razor", 0, 0, 0, 7, 0, 0, 0, 0, 0, 0, 0, 0, 2, 9
"d:\Project2\MyMvcBackend\Server\Views\Home\Privacy.cshtml", "ASP.NET Razor", 0, 0, 0, 5, 0, 0, 0, 0, 0, 0, 0, 0, 2, 7
"d:\Project2\MyMvcBackend\Server\Views\Shared\Error.cshtml", "ASP.NET Razor", 0, 0, 0, 22, 0, 0, 0, 0, 0, 0, 0, 0, 4, 26
"d:\Project2\MyMvcBackend\Server\Views\Shared\_Layout.cshtml", "ASP.NET Razor", 0, 0, 0, 49, 0, 0, 0, 0, 0, 0, 0, 0, 2, 51
"d:\Project2\MyMvcBackend\Server\Views\Shared\_Layout.cshtml.css", "CSS", 0, 0, 38, 0, 0, 0, 0, 0, 0, 0, 0, 2, 9, 49
"d:\Project2\MyMvcBackend\Server\Views\Shared\_ValidationScriptsPartial.cshtml", "ASP.NET Razor", 0, 0, 0, 2, 0, 0, 0, 0, 0, 0, 0, 0, 1, 3
"d:\Project2\MyMvcBackend\Server\Views\_ViewImports.cshtml", "ASP.NET Razor", 0, 0, 0, 3, 0, 0, 0, 0, 0, 0, 0, 0, 1, 4
"d:\Project2\MyMvcBackend\Server\Views\_ViewStart.cshtml", "ASP.NET Razor", 0, 0, 0, 3, 0, 0, 0, 0, 0, 0, 0, 0, 1, 4
"d:\Project2\MyMvcBackend\Server\appsettings.Development.json", "JSON", 0, 0, 0, 0, 0, 8, 0, 0, 0, 0, 0, 0, 1, 9
"d:\Project2\MyMvcBackend\Server\appsettings.Production.json", "JSON", 0, 0, 0, 0, 0, 8, 0, 0, 0, 0, 0, 0, 1, 9
"d:\Project2\MyMvcBackend\Server\appsettings.json", "JSON", 0, 0, 0, 0, 0, 17, 0, 0, 0, 0, 0, 0, 1, 18
"d:\Project2\MyMvcBackend\Server\bin\Debug\net9.0\MyMvcBackend.deps.json", "JSON", 0, 0, 0, 0, 0, 1658, 0, 0, 0, 0, 0, 0, 0, 1658
"d:\Project2\MyMvcBackend\Server\bin\Debug\net9.0\MyMvcBackend.runtimeconfig.json", "JSON", 0, 0, 0, 0, 0, 20, 0, 0, 0, 0, 0, 0, 0, 20
"d:\Project2\MyMvcBackend\Server\bin\Debug\net9.0\MyMvcBackend.staticwebassets.endpoints.json", "JSON", 0, 0, 0, 0, 0, 18862, 0, 0, 0, 0, 0, 0, 0, 18862
"d:\Project2\MyMvcBackend\Server\bin\Debug\net9.0\MyMvcBackend.staticwebassets.runtime.json", "JSON", 0, 0, 0, 0, 0, 1, 0, 0, 0, 0, 0, 0, 0, 1
"d:\Project2\MyMvcBackend\Server\bin\Debug\net9.0\appsettings.Development.json", "JSON", 0, 0, 0, 0, 0, 8, 0, 0, 0, 0, 0, 0, 1, 9
"d:\Project2\MyMvcBackend\Server\bin\Debug\net9.0\appsettings.Production.json", "JSON", 0, 0, 0, 0, 0, 8, 0, 0, 0, 0, 0, 0, 1, 9
"d:\Project2\MyMvcBackend\Server\bin\Debug\net9.0\appsettings.json", "JSON", 0, 0, 0, 0, 0, 17, 0, 0, 0, 0, 0, 0, 1, 18
"d:\Project2\MyMvcBackend\Server\obj\Debug\net9.0\.NETCoreApp,Version=v9.0.AssemblyAttributes.cs", "C#", 0, 0, 0, 0, 3, 0, 0, 0, 0, 0, 0, 1, 1, 5
"d:\Project2\MyMvcBackend\Server\obj\Debug\net9.0\MyMvcBackend.AssemblyInfo.cs", "C#", 0, 0, 0, 0, 9, 0, 0, 0, 0, 0, 0, 9, 5, 23
"d:\Project2\MyMvcBackend\Server\obj\Debug\net9.0\MyMvcBackend.GeneratedMSBuildEditorConfig.editorconfig", "Properties", 0, 0, 0, 0, 0, 0, 0, 50, 0, 0, 0, 0, 8, 58
"d:\Project2\MyMvcBackend\Server\obj\Debug\net9.0\MyMvcBackend.GlobalUsings.g.cs", "C#", 0, 0, 0, 0, 16, 0, 0, 0, 0, 0, 0, 1, 1, 18
"d:\Project2\MyMvcBackend\Server\obj\Debug\net9.0\MyMvcBackend.MvcApplicationPartsAssemblyInfo.cs", "C#", 0, 0, 0, 0, 3, 0, 0, 0, 0, 0, 0, 9, 5, 17
"d:\Project2\MyMvcBackend\Server\obj\Debug\net9.0\MyMvcBackend.RazorAssemblyInfo.cs", "C#", 0, 0, 0, 0, 4, 0, 0, 0, 0, 0, 0, 9, 5, 18
"d:\Project2\MyMvcBackend\Server\obj\Debug\net9.0\MyMvcBackend.sourcelink.json", "JSON", 0, 0, 0, 0, 0, 1, 0, 0, 0, 0, 0, 0, 0, 1
"d:\Project2\MyMvcBackend\Server\obj\Debug\net9.0\scopedcss\Views\Shared\_Layout.cshtml.rz.scp.css", "CSS", 0, 0, 38, 0, 0, 0, 0, 0, 0, 0, 0, 2, 9, 49
"d:\Project2\MyMvcBackend\Server\obj\Debug\net9.0\scopedcss\bundle\MyMvcBackend.styles.css", "CSS", 0, 0, 38, 0, 0, 0, 0, 0, 0, 0, 0, 3, 9, 50
"d:\Project2\MyMvcBackend\Server\obj\Debug\net9.0\scopedcss\projectbundle\MyMvcBackend.bundle.scp.css", "CSS", 0, 0, 38, 0, 0, 0, 0, 0, 0, 0, 0, 3, 9, 50
"d:\Project2\MyMvcBackend\Server\obj\Debug\net9.0\staticwebassets.build.endpoints.json", "JSON", 0, 0, 0, 0, 0, 18862, 0, 0, 0, 0, 0, 0, 0, 18862
"d:\Project2\MyMvcBackend\Server\obj\Debug\net9.0\staticwebassets.build.json", "JSON", 0, 0, 0, 0, 0, 21885, 0, 0, 0, 0, 0, 0, 0, 21885
"d:\Project2\MyMvcBackend\Server\obj\Debug\net9.0\staticwebassets.development.json", "JSON", 0, 0, 0, 0, 0, 1, 0, 0, 0, 0, 0, 0, 0, 1
"d:\Project2\MyMvcBackend\Server\obj\Debug\net9.0\staticwebassets.pack.json", "JSON", 0, 0, 0, 0, 0, 281, 0, 0, 0, 0, 0, 0, 0, 281
"d:\Project2\MyMvcBackend\Server\obj\Debug\net9.0\staticwebassets\msbuild.MyMvcBackend.Microsoft.AspNetCore.StaticWebAssetEndpoints.props", "XML", 0, 0, 0, 0, 0, 0, 772, 0, 0, 0, 0, 0, 0, 772
"d:\Project2\MyMvcBackend\Server\obj\Debug\net9.0\staticwebassets\msbuild.MyMvcBackend.Microsoft.AspNetCore.StaticWebAssets.props", "XML", 0, 0, 0, 0, 0, 0, 1156, 0, 0, 0, 0, 0, 0, 1156
"d:\Project2\MyMvcBackend\Server\obj\Debug\net9.0\staticwebassets\msbuild.build.MyMvcBackend.props", "XML", 0, 0, 0, 0, 0, 0, 4, 0, 0, 0, 0, 0, 0, 4
"d:\Project2\MyMvcBackend\Server\obj\Debug\net9.0\staticwebassets\msbuild.buildMultiTargeting.MyMvcBackend.props", "XML", 0, 0, 0, 0, 0, 0, 3, 0, 0, 0, 0, 0, 0, 3
"d:\Project2\MyMvcBackend\Server\obj\Debug\net9.0\staticwebassets\msbuild.buildTransitive.MyMvcBackend.props", "XML", 0, 0, 0, 0, 0, 0, 3, 0, 0, 0, 0, 0, 0, 3
"d:\Project2\MyMvcBackend\Server\obj\MyMvcBackend.csproj.EntityFrameworkCore.targets", "XML", 0, 0, 0, 0, 0, 0, 28, 0, 0, 0, 0, 0, 1, 29
"d:\Project2\MyMvcBackend\Server\obj\MyMvcBackend.csproj.nuget.dgspec.json", "JSON", 0, 0, 0, 0, 0, 102, 0, 0, 0, 0, 0, 0, 0, 102
"d:\Project2\MyMvcBackend\Server\obj\MyMvcBackend.csproj.nuget.g.props", "XML", 0, 0, 0, 0, 0, 0, 27, 0, 0, 0, 0, 0, 0, 27
"d:\Project2\MyMvcBackend\Server\obj\MyMvcBackend.csproj.nuget.g.targets", "XML", 0, 0, 0, 0, 0, 0, 11, 0, 0, 0, 0, 0, 0, 11
"d:\Project2\MyMvcBackend\Server\obj\project.assets.json", "JSON", 0, 0, 0, 0, 0, 5039, 0, 0, 0, 0, 0, 0, 0, 5039
"d:\Project2\MyMvcBackend\Server\wwwroot\css\site.css", "CSS", 0, 0, 25, 0, 0, 0, 0, 0, 0, 0, 0, 0, 6, 31
"d:\Project2\MyMvcBackend\Server\wwwroot\js\site.js", "JavaScript", 0, 0, 0, 0, 0, 0, 0, 0, 0, 0, 0, 3, 2, 5
"d:\Project2\MyMvcBackend\Server\wwwroot\lib\bootstrap\dist\css\bootstrap-grid.css", "CSS", 0, 0, 3886, 0, 0, 0, 0, 0, 0, 0, 0, 6, 193, 4085
"d:\Project2\MyMvcBackend\Server\wwwroot\lib\bootstrap\dist\css\bootstrap-grid.min.css", "CSS", 0, 0, 1, 0, 0, 0, 0, 0, 0, 0, 0, 5, 0, 6
"d:\Project2\MyMvcBackend\Server\wwwroot\lib\bootstrap\dist\css\bootstrap-grid.rtl.css", "CSS", 0, 0, 3886, 0, 0, 0, 0, 0, 0, 0, 0, 6, 192, 4084
"d:\Project2\MyMvcBackend\Server\wwwroot\lib\bootstrap\dist\css\bootstrap-grid.rtl.min.css", "CSS", 0, 0, 1, 0, 0, 0, 0, 0, 0, 0, 0, 5, 0, 6
"d:\Project2\MyMvcBackend\Server\wwwroot\lib\bootstrap\dist\css\bootstrap-reboot.css", "CSS", 0, 0, 518, 0, 0, 0, 0, 0, 0, 0, 0, 14, 65, 597
"d:\Project2\MyMvcBackend\Server\wwwroot\lib\bootstrap\dist\css\bootstrap-reboot.min.css", "CSS", 0, 0, 1, 0, 0, 0, 0, 0, 0, 0, 0, 5, 0, 6
"d:\Project2\MyMvcBackend\Server\wwwroot\lib\bootstrap\dist\css\bootstrap-reboot.rtl.css", "CSS", 0, 0, 524, 0, 0, 0, 0, 0, 0, 0, 0, 6, 64, 594
"d:\Project2\MyMvcBackend\Server\wwwroot\lib\bootstrap\dist\css\bootstrap-reboot.rtl.min.css", "CSS", 0, 0, 1, 0, 0, 0, 0, 0, 0, 0, 0, 5, 0, 6
"d:\Project2\MyMvcBackend\Server\wwwroot\lib\bootstrap\dist\css\bootstrap-utilities.css", "CSS", 0, 0, 4891, 0, 0, 0, 0, 0, 0, 0, 0, 8, 503, 5402
"d:\Project2\MyMvcBackend\Server\wwwroot\lib\bootstrap\dist\css\bootstrap-utilities.min.css", "CSS", 0, 0, 1, 0, 0, 0, 0, 0, 0, 0, 0, 5, 0, 6
"d:\Project2\MyMvcBackend\Server\wwwroot\lib\bootstrap\dist\css\bootstrap-utilities.rtl.css", "CSS", 0, 0, 4887, 0, 0, 0, 0, 0, 0, 0, 0, 6, 500, 5393
"d:\Project2\MyMvcBackend\Server\wwwroot\lib\bootstrap\dist\css\bootstrap-utilities.rtl.min.css", "CSS", 0, 0, 1, 0, 0, 0, 0, 0, 0, 0, 0, 5, 0, 6
"d:\Project2\MyMvcBackend\Server\wwwroot\lib\bootstrap\dist\css\bootstrap.css", "CSS", 0, 0, 11136, 0, 0, 0, 0, 0, 0, 0, 0, 24, 897, 12057
"d:\Project2\MyMvcBackend\Server\wwwroot\lib\bootstrap\dist\css\bootstrap.min.css", "CSS", 0, 0, 2, 0, 0, 0, 0, 0, 0, 0, 0, 4, 0, 6
"d:\Project2\MyMvcBackend\Server\wwwroot\lib\bootstrap\dist\css\bootstrap.rtl.css", "CSS", 0, 0, 11138, 0, 0, 0, 0, 0, 0, 0, 0, 6, 886, 12030
"d:\Project2\MyMvcBackend\Server\wwwroot\lib\bootstrap\dist\css\bootstrap.rtl.min.css", "CSS", 0, 0, 2, 0, 0, 0, 0, 0, 0, 0, 0, 4, 0, 6
"d:\Project2\MyMvcBackend\Server\wwwroot\lib\bootstrap\dist\js\bootstrap.bundle.js", "JavaScript", 5064, 0, 0, 0, 0, 0, 0, 0, 0, 0, 0, 655, 596, 6315
"d:\Project2\MyMvcBackend\Server\wwwroot\lib\bootstrap\dist\js\bootstrap.bundle.min.js", "JavaScript", 1, 0, 0, 0, 0, 0, 0, 0, 0, 0, 0, 6, 0, 7
"d:\Project2\MyMvcBackend\Server\wwwroot\lib\bootstrap\dist\js\bootstrap.esm.js", "JavaScript", 3568, 0, 0, 0, 0, 0, 0, 0, 0, 0, 0, 578, 302, 4448
"d:\Project2\MyMvcBackend\Server\wwwroot\lib\bootstrap\dist\js\bootstrap.esm.min.js", "JavaScript", 1, 0, 0, 0, 0, 0, 0, 0, 0, 0, 0, 6, 0, 7
"d:\Project2\MyMvcBackend\Server\wwwroot\lib\bootstrap\dist\js\bootstrap.js", "JavaScript", 3604, 0, 0, 0, 0, 0, 0, 0, 0, 0, 0, 584, 307, 4495
"d:\Project2\MyMvcBackend\Server\wwwroot\lib\bootstrap\dist\js\bootstrap.min.js", "JavaScript", 1, 0, 0, 0, 0, 0, 0, 0, 0, 0, 0, 6, 0, 7
"d:\Project2\MyMvcBackend\Server\wwwroot\lib\jquery-validation-unobtrusive\dist\jquery.validate.unobtrusive.js", "JavaScript", 306, 0, 0, 0, 0, 0, 0, 0, 0, 0, 0, 76, 54, 436
"d:\Project2\MyMvcBackend\Server\wwwroot\lib\jquery-validation-unobtrusive\dist\jquery.validate.unobtrusive.min.js", "JavaScript", 1, 0, 0, 0, 0, 0, 0, 0, 0, 0, 0, 7, 0, 8
"d:\Project2\MyMvcBackend\Server\wwwroot\lib\jquery-validation\LICENSE.md", "Markdown", 0, 18, 0, 0, 0, 0, 0, 0, 0, 0, 0, 0, 5, 23
"d:\Project2\MyMvcBackend\Server\wwwroot\lib\jquery-validation\dist\additional-methods.js", "JavaScript", 860, 0, 0, 0, 0, 0, 0, 0, 0, 0, 0, 443, 202, 1505
"d:\Project2\MyMvcBackend\Server\wwwroot\lib\jquery-validation\dist\additional-methods.min.js", "JavaScript", 1, 0, 0, 0, 0, 0, 0, 0, 0, 0, 0, 3, 0, 4
"d:\Project2\MyMvcBackend\Server\wwwroot\lib\jquery-validation\dist\jquery.validate.js", "JavaScript", 1258, 0, 0, 0, 0, 0, 0, 0, 0, 0, 0, 193, 252, 1703
"d:\Project2\MyMvcBackend\Server\wwwroot\lib\jquery-validation\dist\jquery.validate.min.js", "JavaScript", 1, 0, 0, 0, 0, 0, 0, 0, 0, 0, 0, 3, 0, 4
"d:\Project2\MyMvcBackend\Server\wwwroot\lib\jquery\dist\jquery.js", "JavaScript", 6767, 0, 0, 0, 0, 0, 0, 0, 0, 0, 0, 1887, 2063, 10717
"d:\Project2\MyMvcBackend\Server\wwwroot\lib\jquery\dist\jquery.min.js", "JavaScript", 1, 0, 0, 0, 0, 0, 0, 0, 0, 0, 0, 1, 1, 3
"d:\Project2\MyMvcBackend\Server\wwwroot\lib\jquery\dist\jquery.slim.js", "JavaScript", 5381, 0, 0, 0, 0, 0, 0, 0, 0, 0, 0, 1558, 1679, 8618
"d:\Project2\MyMvcBackend\Server\wwwroot\lib\jquery\dist\jquery.slim.min.js", "JavaScript", 1, 0, 0, 0, 0, 0, 0, 0, 0, 0, 0, 1, 1, 3
"Total", "-", 26740, 15, 41052, 91, 4073, 64766, 2021, 49, 5, -14, -3183, 6245, 9831, 151691